,,,,,
,4F0121251Q,"Радиатор, охлаждение двигател",141.63 €,,50
,4F0121403N,"Компенсационный бак, охлаждающая жидкость",20.82 €,,15
,8E0121321,"Крышка, резервуар охлаждающей жидкости",9.92 €,,2
,4F0121207D,Рамка вентилятора,115.30 €,,60
,4F0121283G,Воздуховод,8.03 €,,10
,4F0121284G,Воздуховод,8.03 €,,10
,4F0133837N,Корпус воздушного фильтра,81.30 €,,70
,03G145702KX,Турбонагнетатель,923.11 €,,300
,028145736AH,Обратный маслопровод,71.95 €,,15
,N90837101,Горловина под резьбовую пробку,3.28 €,,3
,03G145771B,Трубка маслопровlouo;iho;,30.90 €,,10
,28145786,Горлов. под рез. проб. с прок.,15.90 €,,10
,4F0145805AD,Охладитель наддув. воздуха,184.79 €,,50
,4F0145813F,Кронштейн,24.17 €,,15
,4F0145709G,Напорный шланг,42.82 €,,20
,4F0145709L,Напорный шланг,42.82 €,,20
,4F0145731S,Труба напорной линии,218.52 €,,50
,038906051C,"Датчик, давление наддува",42.35 €,,5
,8E0129955B,Демпфер пульсаций,22.05 €,,10
,4F0145737D,Напорный шланг,93.40 €,,30
,4F0145333B,Воздуховод,13.31 €,,20
,4F0145155P,"Гидравлический насос, рулевое управление",333.51 €,,100
,06H145255E,Шкив клинового ремня,16.12 €,,10
,4F0199379BK,Гидроопора,136.77 €,,50
,4F0199382BK,Гидроопора,90.28 €,,40
,4F0199351AG,Консоль,56.53 €,,30
,4F0199352N,Консоль,56.68 €,,30
,4F0199307N,Опора,48.08 €,,25
,4F0199352N,Консоль,56.68 €,,30
,4B0199335L,Упор,22.15 €,,15
,4F0199343K,Опора,28.33 €,,15
,4F0201060BN,"Бак, топливный",930.58 €,,100
,4F0201167M,Трубка для удаления воздуха,45.99 €,,20
,8E0201550F,Крышка с лентой-держателем для топливного бака,22.59 €,,10
,8E0201550H,Крышка с лентой-держателем для топливного бака,22.59 €,,10
,4F0201308,Теплозащитный экран,30.32 €,,10
,4F0201220,Топливопровод,28.09 €,,25
,4F0201227,Топливопровод,28.09 €,,25
,4F0201544AA,1 комплект топливных трубок,420.82 €,,100
,4F0203572E,Теплоотвод,75.29 €,,35
,4F0130313B,Топливный шланг,27.23 €,,30
,4F0130314G,Топливный шланг,27.23 €,,30
,038906081B,Датчик температуры,12.15 €,,5
,4F0201541C,Топливный шланг,30.20 €,,20
,4F0201543D,Топливный шланг,23.51 €,,15
,8E0254201DX,Нейтрализатор,923.66 €,,
,4F0253301G,Промежуточная труба,132.75 €,,50
,4F0131552G,Управляющая магистраль с датчиком перепада давления,84.10 €,,40
,4F0131552AA,Управляющая магистраль с датчиком перепада давления,84.10 €,,70
,4F0131561J,Кронштейн,16.52 €,,10
,4F0253409K,Средний глушитель,210.48 €,,100
,4F0253609AC,Задний глушитель,351.42 €,,100
,4F0253610AC,Задний глушитель,331.23 €,,100
,1K0253141G,"Хомут, двойной",21.39 €,,15
,1K0253141F,"Хомут, двойной",20.74 €,,15
,4F0253681E,Накладка конц. трубы глушителя,78.72 €,,40
,4F0260805AE,Компрессор климатической уст.,787.85 €,,300
,4F0260810G,Шкив,174.31 €,,100
,03G903139D,Кронштейн генератора и ком- прессора кондиционера,218.24 €,,90
,4F0260403P,Конденсатор климат.установки,187.89 €,,65
,8A0820855AA,Клапан,12.59 €,,8
,4F0959126B,Датчик давления,,,15
,4F0260710E,Трубопровод хладагента,161.45 €,,80
,4F0260709A,Трубопровод хладагента,161.34 €,,80
,4F0260740B,Шланг хладагента,172.68 €,,50
,4F0260701C,Шланг хладагента,130.09 €,,80
,4F0260707AB,Шланг хладагента,170.66 €,,80
,4F0260197E,Кронштейн осушителя,30.40 €,,15
,8E0820177,Дроссель,,,15
,01X300044HX,6-ступ. механическая КП (МКПП) коробка передач,"3,646.58 €",,500
,4F0399313AD,Подрамник,"1,266.95 €",,100
,4F0399263K,Траверса,238.77 €,,80
,4F0399151AM,Сайлент-блок,71.72 €,,30
,4F0399403,Стойка,15.13 €,,20
,4F0407151A,"Рычаг независимой подвески колеса, подвеска колеса",214.73 €,,40
,4F0407253G,Поворотный кулак,314.61 €,,125
,4F0407254G,Поворотный кулак,314.61 €,,125
,4E0407505E,"Рычаг независимой подвески колеса, подвеска колеса",135.44 €,,30
,4E0407506E,"Рычаг независимой подвески колеса, подвеска колеса",135.44 €,,30
,4E0407509E,"Рычаг независимой подвески колеса, подвеска колеса",135.28 €,,25
,4E0407510E,"Рычаг независимой подвески колеса, подвеска колеса",135.28 €,,25
,4D0407613E,Ступица,133.18 €,,40
,4F0411309E,Стабилизатор,146.40 €,,35
,4E0411317E,"Тяга, соединительная",38.11 €,,20
,4E0411317F,"Тяга, соединительная",38.11 €,,3
,4D0411336G,Хомут,2.66 €,,1
,4F0498625B,Комплект подшипника ступицы колеса,98.97 €,,40
,4F0407271G,Вал привода со ШРУСами,687.07 €,,90
,4F0407272G,Вал привода со ШРУСами,687.07 €,,90
,4F0498099A,Наружный ШРУС (привод в сборе),353.06 €,,100
,4E0498103,ШРУС внутренний (привод в сборе),258.25 €,,90
,01X409121A,Коробка дифференциала,260.89 €,,100
,01X409143AA,"Агрегат, приводной",337.06 €,,150
,01X409131B,Крышка картера главн. передачи,127.04 €,,50
,012409343AD,Вал с фланцем,210.45 €,,100
,4F0411105BF,Пружина,80.08 €,,50
,4F0413031AS,Газонаполненный амортизатор,86.23 €,,35
,4F0412066,Тарелка пружины,26.13 €,,20
,8D0412131H,Буфер отбоя,25.83 €,,10
,4D0412137C,"Защитный колпак / пыльник, амортизатор",4.41 €,,5
,4F0412377D,Опора стойки амортизатора,24.78 €,,5
,4E0419091CLW88,Многофункц. рул. колесо (кожа) soul (черный),628.25 €,,100
,4F0951527E5PR,Многофункциональные клавиши для рулевого колеса soul (черный),146.52 €,,50
,4F0951527F5PR,Многофункциональные клавиши для рулевого колеса soul (черный),146.52 €,,50
,4F04196894PK,Кольцо направляющее soul (черный),24.50 €,,10
,4F04197326PS,Крышка для рулевого колеса soul (черный),8.64 €,,5
,4F0971589B,Жгут проводов для многофункциональных клавиш и Tiptronic,22.93 €,,10
,4F0422371E,Pезервуар для масла,39.89 €,,25
,4F0422376,Крышка масляного бачка,7.74 €,,5
,4F0422887BB,Воздухозаборный шланг,15.97 €,,7
,4F0422891E,Шланг обратной магистрали,31.59 €,,35
,4F0422885K,Труба ОЖ,101.91 €,,50
,4F0422529B,Клапан обратный,7.59 €,,10
,4F0505235AJ,Подрамник задний,"1,573.16 €",,100
,4F0505219B,Опора,14.02 €,,10
,4F0505220B,Опора,14.02 €,,10
,4F0505415K,Защита от ударов камней,13.71 €,,10
,4F0505416K,Защита от ударов камней,13.71 €,,10
,4F0505311M,Рычаг подвески,533.53 €,,50
,4F0505312M,Рычаг подвески,533.53 €,,50
,4F0501529E,Поперечная рулевая тяга,56.57 €,,20
,4F0505323K,"Рычаг подвески, поперечный",127.07 €,,30
,4F0505433H,Поворотный кулак,256.45 €,,80
,4F0505434H,Поворотный кулак,256.45 €,,80
,4F0505415L,Защита от ударов камней,13.84 €,,10
,4F0505416L,Защита от ударов камней,13.84 €,,10
,4F0598611B,Комплект подшипника ступицы колеса,110.89 €,,50
,4F0511115BR,Пружина задняя,84.54 €,,35
,8E0512149P,Опора пружины,12.97 €,,8
,4F0512297B,Опора пружины,7.48 €,,5
,4F0511439,Хомут,7.33 €,,5
,4F0505465Q,"Тяга / стойка, стабилизатор",32.10 €,,5
,4F0513032H,Газонаполненный амортизатор,96.52 €,,20
,4F0512131,Упор,17.73 €,,5
,8E0512137E,Защитный кожух,2.57 €,,2
,4F0513353D,Опора стойки амортизатора,46.08 €,,10
,8E0611301G,Компенсационный бачок для тормозной жидкости,50.02 €,,15
,4B3611021,"Глав. торм. цилиндр, двухпол",235.87 €,,35
,4F0614723AC,Тормозная трубка от гидравл. системы к тормозному шлангу,18.39 €,,15
,4F0614724AE,Тормозная трубка от гидравл. системы к тормозному шлангу,18.43 €,,15
,4F0614725K,Тормозная трубка от гидросис- темы к соединительному эл-ту,18.36 €,,15
,4F0614726G,Тормозная трубка от гидросис- темы к соединительному эл-ту,18.36 €,,15
,4F0611707B,Тормозной шланг,24.74 €,,5
,8E0611721B,Тормозная трубка,6.58 €,,5
,8E0611722B,Тормозная трубка,6.58 €,,5
,4B0615133F,Кронштейн,16.66 €,,10
,4B0615134F,Кронштейн,16.66 €,,10
,4F0614741H,Тормозная трубка,24.49 €,,15
,4F0614742K,Тормозная трубка,24.49 €,,15
,4F0611775D,Тормозной шланг,19.95 €,,10
,8Z0611797,Держатель тормоз. трубопровода,2.53 €,,5
,1K0611797A,Держатель тормоз. трубопровода,,,5
,4F0611931BR,Вакуумная магистраль с обратным клапаном,,,
,4F0614517AB,Модуль ABS,"1,810.99 €",,180
,4B0615123,Тормозной суппорт,171.62 €,,30
,4B0615124,Тормозной суппорт,171.62 €,,30
,4B0615125C,Направляющая колодок с направляющими пальцами,71.45 €,,40
,4A0615269,пружинная защелка,4.41 €,,5
,4F0615301D,Тормозной диск,71.46 €,,20
,4F0615311A,Грязезащ. щит тормозного диска,21.12 €,,15
,4F0615312A,Грязезащ. щит тормозного диска,21.12 €,,15
,4F0615403F,Корпус тормозного суппорта без моторчика Л,283.37 €,,100
,4F0615404F,Корпус тормозного суппорта без моторчика П,283.37 €,,100
,4F0615425D,Направляющая колодок с направляющими пальцами,63.55 €,,20
,4F0615426D,Направляющая колодок с направляющими пальцами,63.55 €,,20
,4F0998281B,Исполнит. эл. мотор корпуса торм. суппорта с монтаж. дет.,293.42 €,,80
,4F0615601E,Тормозной диск,57.87 €,,15
,4F0615611,Грязезащ. щит тормозного диска,17.93 €,,15
,4F0615612,Грязезащ. щит тормозного диска,17.93 €,,15
,4F0910801C,Блок управления с ПО электромеханич. стояночного тормоза -EPB-,,,60
,4F0711406A,Кожух,19.21 €,,15
,4F0711055F,Рычаг переключения передач,206.36 €,,80
,4F0711055H,Рычаг переключения передач,206.36 €,,80
,4F0711151G,Шток вилки переключ. передач,145.78 €,,60
,8E0711181D,Рычаг переключения передач,40.18 €,,20
,4F0721401B,"Главный цилиндр, система сцепления",73.97 €,,25
,8E0721403B,Сервопружина,5.73 €,,5
,6Q0927189,Выключатель,12.61 €,,5
,8E0721487B,Кронштейн,5.63 €,,5
,4F0805271,Клапан для стока воды,35.58 €,,10
,4F0721257E,Рабочий цилиндр,59.02 €,,25
,8E072117301C,Колпачок,5.77 €,,5
,4F0907658A,Выключатель,78.42 €,,20
,4F0802088M,Ниша запасного колеса,255.85 €,,100
,4F0803421,Внутренняя часть арки колеса,590.56 €,,250
,4F0803422,Внутренняя часть арки колеса,590.56 €,,250
,4F0803958A,Крышка датчика,11.45 €,,10
,4F0803961,Крышка датчика,8.74 €,,10
,8E0813545A,Кронштейн,52.95 €,,20
,8E0813546A,Кронштейн,52.95 €,,20
,4F0804297B,Крышка для буксировочной петли,5.31 €,,
,4F0805594D,Несущая передняя панель,203.86 €,,150
,4F0805499B,Крепежная пластина,15.79 €,,10
,4F0805500B,Крепежная пластина,15.79 €,,10
,4F0806603B,Траверса,267.51 €,,150
,4F0805739D,Опорный кронштейн,78.67 €,,30
,4F0805740D,Опорный кронштейн,78.67 €,,30
,4F0805431A,Моторный щит,494.99 €,,200
,4F0805321A,Пластина для траверсы,170.67 €,,80
,4F0805263C,Удлинение колесной арки,12.99 €,,10
,4F0805264C,Удлинение колесной арки,12.99 €,,10
,4F0809201,"Элемент, соединительный",203.80 €,,100
,4F0809202,"Элемент, соединительный",203.80 €,,100
,4F0807105GRU,Бампер перед,419.16 €,,150
,4F0807111,Защитный брус,156.80 €,,60
,4F0807133,Кронштейн,41.61 €,,15
,4F0807134,Кронштейн,41.61 €,,15
,8E0805616D,Буксирная проушина,17.76 €,,
,4F0807441GRU,Крышка для буксировочной петли грунтованная,13.59 €,,
,4F0898193,Крепёжные детали,14.07 €,,10
,4F0898194,Крепёжные детали,14.07 €,,10
,4F0807771,Кронштейн для облицовки бампера,5.87 €,,5
,4F0807772,Кронштейн для облицовки бампера,5.87 €,,5
,4F0807227,Направляющая,9.17 €,,5
,4F0807228,Направляющая,9.17 €,,10
,4F0807682A01C,Решетка бампера переднего правая,13.62 €,,10
,4F080768101C,Решетка бампера переднего левая,13.62 €,,10
,4F08072851QP,Панель для номерного знака серый,32.93 €,,20
,4F9807303GRU,Бампер задний,405.35 €,,150
,4F9807521A,Спойлер,,,80
,4F0807313D,Усилитель заднего бампера,168.47 €,,50
,4F9807331,Кронштейн для держателя бампера,34.12 €,,30
,4F9898193,Крепёжные детали,14.08 €,,10
,4F9898194,Крепёжные детали,14.08 €,,10
,4F9807329,лента-держатель,14.63 €,,10
,4F9807897A,Регулировочная деталь,11.41 €,,5
,4F9807898A,Регулировочная деталь,11.41 €,,5
,4F9807453,Направляющая,9.44 €,,5
,4F9807454,Направляющая,9.44 €,,5
,4F0807381,Опорная деталь,15.65 €,,5
,4F0807739,Крепежная пластина,2.95 €,,5
,4F980742101C,Кожух чёрный satinschwarz,26.00 €,,15
,4F9809741,Отрезная деталь - порог,574.96 €,,150
,4F9809742,Отрезная деталь - порог,574.96 €,,150
,4F9809837,Отрезная деталь - боковина заднее левое крыло-четверть,725.33 €,,250
,4F9809838,Отрезная деталь - боковина заднее правое крыло-четверть,725.33 €,,250
,4F9809839,Отрезная часть - стойки А/В с порогом,468.43 €,,250
,4F9809840,Отрезная часть - стойки А/В с порогом,468.43 €,,250
,4F9809834A,Отрезная деталь - каркас боковины/брус крыши,"2,037.69 €",,200
,4F9809833A,Отрезная деталь - каркас боковины/брус крыши,"2,037.69 €",,200
,4F9809847,Отрезная деталь - порог,870.85 €,,150
,4F9809848,Отрезная деталь - порог,870.85 €,,150
,4F0802845,Гнездо под домкрат,7.76 €,,5
,4F0802847,Гнездо под домкрат,7.76 €,,5
,4F5809907CGRU,Крышка лючка залив. горловины грунтованная,34.33 €,,20
,4F5809999G,Насадка,20.73 €,,15
,4F5809933B,Стакан,5.10 €,,5
,4F0862153B,Исполнительный элемент Крышки лючка залив. горловины,17.48 €,,15
,4F0862165B,Аварийная разблокировка,1.02 €,,1
,4F0813341B,Усилитель задней панели,49.25 €,,35
,4F9813307A,Задняя панель,235.06 €,,100
,4F9813331,Усилитель,163.03 €,,80
,4F9809289,Стойка D,151.04 €,,100
,4F9809290,Стойка D,151.04 €,,100
,4F9809649B,Панель для заднего фонаря,41.96 €,,20
,4F9809650B,Панель для заднего фонаря,41.96 €,,20
,4F9817101,Крыша,,,170
,4F0817519C,Рама крыши,48.60 €,,25
,4F9810137,Стойка A внутри,202.46 €,,80
,4F9810138,Стойка A внутри,202.46 €,,80
,4F0907539B4PK,Датчик интенс. солн. излуч. soul (черный),20.73 €,,10
,4F0819801,Воздуховод,27.68 €,,15
,4F0819802,Воздуховод,27.68 €,,15
,4F0819503,Воздуховод,11.50 €,,10
,4F0819829,Воздуховод,27.45 €,,15
,4F0819830,Воздуховод,27.45 €,,15
,4F0819811,Воздуховод,27.50 €,,15
,4F0819812,Воздуховод,27.50 €,,15
,4F0819723,Воздуховод,17.96 €,,15
,4F0819724,Воздуховод,17.96 €,,15
,4F0819383A9NQ,Дефлектор серебряный,42.73 €,,25
,4F0819384A9NQ,Дефлектор серебряный,42.73 €,,25
,4F0819203CH77,Дефлектор nero (чёрный),66.20 €,,30
,4B0819181B,Заслонка вытяжки воздуха,22.86 €,,10
,4B0819181C,Заслонка вытяжки воздуха,22.86 €,,15
,4B0907659A,Датчик загрязнения воздуха,56.69 €,,20
,4F0260113,Шланг ОЖ с клапаном,4.47 €,,5
,4F0819699B,Двойная втулка,3.00 €,,3
,4F0819699C,Двойная втулка,1.86 €,,1
,4F0819373T,Шланг отопителя,30.38 €,,20
,4F0819375C,Шланг отопителя,52.78 €,,30
,4F0820057B,Защита для вентилятора,10.76 €,,10
,4F0820521A,Регулятор вентилятора,226.86 €,,30
,4F0820511A,Электромотор,94.65 €,,20
,4F0819333,Рычаг,3.36 €,,3
,4F0819333A,Рычаг,3.36 €,,5
,1J0907543A,"Датчик, внутренняя температура",15.00 €,,5
,4F0820020A,Вентилятор,161.91 €,,40
,4F0819229,Прокладка,17.76 €,,10
,4F0260155,Насадка для стока воды,5.41 €,,5
,4F0820153A,Впускной канал,77.34 €,,50
,4F0820746,Защитная решётка,10.62 €,,8
,4F0820511A,"Электромотор;прав. верхн.; ;V238,V237",94.65 €,,20
,4F0820511A,Электромотор;прав. верхн.; ;V107,94.65 €,,20
,4F0820511A,"Электромотор;прав. нижн.; ;V109,V108",94.65 €,,20
,4F0820511A,Электромотор;лев. нижн.;PR-9AQ ;V108,94.65 €,,20
,4F0820511A,Электромотор;Лв Ср; ;V102,94.65 €,,20
,4F0820511A,Электромотор;лев. верхн.;PR-9AQ ;V237,94.65 €,,20
,4F0819333B,Рычаг;прав. верхн.; Дефлектор;,3.34 €,,5
,4F0819333C,Рычаг;прав. верхн.; Заслонка оттаивателя;,3.34 €,,5
,4F0819333K,Рычаг;лев. верхн,3.34 €,,5
,4F0819333H,Рычаг;; для вентиляции,3.36 €,,5
,4F0819333D,Рычаг;Лв Ср; Дефлектор,3.35 €,,5
,4F0820511,Электромотор;Пр Ср; ;V112,94.66 €,,20
,4F0819333E,Рычаг;прав. нижн.; Дефлектор,3.34 €,,5
,4F0820511B,Электромотор;Пр Ср; ;V197,101.54 €,,15
,4F0820511B,Электромотор;Лв Ср;PR-9AQ ;V213,101.54 €,,
,4F0819333F,Рычаг;Пр Ср; Направляющая приточн. воздуха,3.35 €,,5
,4B0820539,Датчик температуры;спереди посер,15.00 €,,2
,4F0820539,Датчик температуры;Пр Ср; ;G263,12.67 €,,5
,4F0820539A,Датчик температуры;лев. верхн.; ;G150,12.67 €,,5
,4F0820539A,Датчик температуры;прав. верхн.; ;G151,12.67 €,,5
,4F0819011,Дополнительный отопитель;235,239.90 €,,25
,4F0820536,Кронштейн трубы;Пр Ср,1.13 €,,2
,420898037A,Теплообменник,140.52 €,,80
,4F0819633B,Воздуховод;Ср Вх,23.22 €,,10
,4F0819633,Воздуховод;Ср Нж,23.22 €,,10
,4F0820536D,Кроншт. трубки контура хладаг.,1.24 €,,1
,4F0819422,для воздушного фильтра,10.67 €,,10
,4F0819646,Скоба для корпуса воздушного фильтра,2.73 €,,5
,4F0820495,Кронштейн;Ср Нж,8.33 €,,5
,4F0898966,Рычаг привода,13.74 €,,10
,4F0820356E,Корпус;Komfort; для а/м с дополнительной системой отопления,153.69 €,,50
,4F0820356A,Корпус;Komfort; для а/м с дополнительной системой отопления,153.69 €,,50
,8Z0820535,Датчик наружной температуры,12.15 €,,10
,4F0821103A,Крыло;лев,237.67 €,,150
,4F0821104A,Крыло;прав.,237.67 €,,150
,4F0821111,Замыкающая панель;лев,18.85 €,,15
,4F0821112A,Замыкающая панель;прав.,20.72 €,,15
,4F0821135B,Стойка;лев.,14.90 €,,10
,4F0821136A,Стойка;прав,14.90 €,,10
,4F0821653,Кожух;лев,2.42 €,,5
,4F0821654,Кожух;прав,2.42 €,,5
,4F0821133H,Подкрылок из неткан.материала;лев,87.70 €,,40
,4F0821134H,Подкрылок из неткан.материала;прав,87.70 €,,40
,4F0809967B,Крышка;слева и справа;,4.63 €,,5
,4F0810171D,Пластик локера колесной арки лев,48.98 €,,25
,4F0810172D,Пластик локера колесной арки прав,48.98 €,,25
,4F0823029F,Капот,893.08 €,,250
,4F0823301,Петля крышки;лев,22.27 €,,15
,4F0823302,Петля крышки;прав,22.27 €,,15
,4F0823480B,Крюк захватный,,,15
,4F0823359A,Газовый упор,,,10
,2K0827439,Сферический палец,1.72 €,,2
,4F0823509B,Замок капота,43.88 €,,20
,4F0953236,Микровыключатель,15.46 €,,10
,4F0823731,Прокладка;передн,21.42 €,,15
,4F0823731A,Прокладка;передн,21.42 €,,15
,4F0823721,Прокладка;лев,3.40 €,,5
,4F0823722,Прокладка;прав,3.41 €,,5
,4F0823723,Упл-тель для водоотвод. короба,21.29 €,,10
,4F0823402C,Опора газового упора,14.90 €,,10
,4F0825207D,Облицовка днища,58.82 €,,40
,4F0825208J,Облицовка днища;прав,58.82 €,,40
,4F0825216F,Облицовка днища,25.43 €,,15
,4F0805163,Облицовка днища,0.41 €,,5
,4F9827023M,Крышка багажного отсека,651.34 €,,350
,4F9827299D,Петля крышки,40.24 €,,20
,4F9827300D,Петля крышки,40.19 €,,20
,4F982727901C,Накладка шарнира;лев,5.47 €,,5
,4F982728001C,Накладка шарнира;прав,5.47 €,,5
,8J8827439,Сферический палец,3.56 €,,5
,4F9827705E,Прокладка,67.62 €,,30
,4F9827705H,Прокладка,67.62 €,,30
,8P4827239A,Упор,4.71 €,,5
,8P4827239B,Упор,4.71 €,,5
,8P4827249D,Упор,3.42 €,,5
,8P4827249,Упор,3.42 €,,5
,8P4827507A,Пластина замка,22.93 €,,15
,8P4827507A,Пластина замка,,,15
,8P4827505C,Замок багажника,,,30
,4F9827520C,Кожух замка капота,1.86 €,,3
,8P4827645B01C,Колпачок чёрный satinschwarz,2.78 €,,3
,8P48275743FZ,Накладка ручки чёрный,71.83 €,,40
,8E0827657D,Муфта крепления,1.07 €,,3
,8E0827657G,Муфта крепления,1.07 €,,3
,8E0827657F,Элемент крепления,1.02 €,,3
,8E0827657E,Муфта крепления,1.07 €,,3
,8E0827657H,Муфта крепления,1.07 €,,3
,8D0853419D,Прокладка панели номерного знака,5.78 €,,5
,4F0831051F,Дверь;лев,552.55 €,,100
,4F0831052F,Дверь;прав,552.55 €,,100
,8E0831401B,Петля двери;лев. верхн,12.56 €,,15
,8E0831402B,Петля двери;прав. верхн,12.56 €,,15
,4F0831135B,Пластина;слева и справа,2.48 €,,5
,8E0831411E,Петля двери;лев. нижн,45.31 €,,15
,8E0831412E,Петля двери;прав. нижн,45.31 €,,25
,4F0831507B,"Защитный брус;слева, справа",57.63 €,,25
,4F0831721G,Уплотнитель двери внутри;слева и справа,49.89 €,,15
,3B0837111B41,Заглушка чёрный satinschwarz,0.20 €,,
,4F0837911,Уплотнитель двери снаружи;слева и справа,50.32 €,,20
,4F0837911B,Уплотнитель двери снаружи;слева и справа,50.32 €,,20
,4F0831345,"Накладка, крепежная;лев",8.15 €,,5
,4F0831346,"Накладка, крепежная;прав",8.15 €,,5
,4F0831345A,"Накладка, крепежная;лев",8.15 €,,5
,4F0831346A,"Накладка, крепежная;прав",8.15 €,,5
,4F0831345B,"Накладка, крепежная;лев",8.16 €,,5
,4F0831346B,"Накладка, крепежная;прав",8.16 €,,5
,4F0831345C,"Накладка, крепежная;лев",8.14 €,,5
,4F0831346C,"Накладка, крепежная;прав",8.14 €,,5
,4F0831345E,"Накладка, крепежная;лев",8.15 €,,5
,4F0831346E,"Накладка, крепежная;прав",8.15 €,,5
,4F0831719,Пружинный зажим с прокладкой,1.12 €,,5
,4F0833052G,Дверь;прав,586.06 €,,80
,4F0833052G,Дверь;лев,586.06 €,,80
,4F0833401B,Петля двери;лев. верхн.,26.80 €,,15
,4F0833402B,Петля двери;прав. верхн,26.80 €,,15
,4F0831135B,Пластина;слева и справа; Петля двери;верхн,2.48 €,,5
,8E0833411E,Петля двери;лев. нижн.,30.95 €,,15
,8E0833412E,Петля двери;прав. нижн,30.95 €,,15
,8E0831133B,Кронштейн;лев. нижн.,2.43 €,,5
,8E0831134B,Кронштейн;прав. нижн,2.43 €,,5
,8E0831445E,Пластина;лев. нижн.; Петля двери,1.65 €,,5
,8E0831446E,Пластина;прав. нижн.; Петля двери,1.65 €,,5
,4F0833507B,Защитный брус,57.36 €,,25
,8E0837529,Упор,0.73 €,,5
,4F9833721F,Уплотнитель двери внутри,52.98 €,,20
,3B0837111B41,Заглушка чёрный satinschwarz,0.20 €,,1
,4F0839911,Уплотнитель двери снаружи,8.15 €,,5
,4F0833345,"Накладка, крепежная",8.15 €,,5
,4F0833346,"Накладка, крепежная",8.14 €,,5
,4F0833346A,"Накладка, крепежная",8.14 €,,5
,4F0833345A,"Накладка, крепежная",8.14 €,,5
,4F0833345B,"Накладка, крепежная",8.14 €,,5
,4F0833346B,"Накладка, крепежная",8.14 €,,5
,4F0833345C,"Накладка, крепежная",8.16 €,,5
,4F0833346C,"Накладка, крепежная",8.16 €,,5
,4F0833345D,"Накладка, крепежная",8.16 €,,5
,4F0833346D,"Накладка, крепежная",8.16 €,,5
,4F0831719,Пружинный зажим с прокладкой,1.12 €,,2
,4F0837207B,Ручка двери снаружи,38.80 €,,20
,4F0837208B,Ручка двери снаружи,38.80 €,,20
,4F0837885D,Опорный элемент,15.36 €,,20
,4F0837291,Модуль передачи,13.51 €,,13
,893839821,пружинный зажим,0.37 €,,3
,4F0839239BGRU,Накладка для дверной ручки грунтованная,42.63 €,,20
,4F0839167,Кожух,2.07 €,,5
,4F0837171,пружинный зажим,2.34 €,,5
,4F0837087,Подкладка,1.30 €,,5
,3B0837111B41,Заглушка чёрный satinschwarz,0.20 €,,5
,4F0837085A,Гибкая тяга,6.57 €,,5
,4F0837133B,Тяга привода,6.04 €,,5
,8E0837033,Стопорный клин,9.72 €,,5
,4F0837629F,Рама окна,268.61 €,,80
,4F0837630F,Рама окна,268.63 €,,80
,4F0837439M,направляющая стекла,84.02 €,,40
,4F0837439R,направляющая стекла,84.02 €,,70
,4F0837440R,направляющая стекла,83.75 €,,70
,4F0837440M,направляющая стекла,83.75 €,,40
,4F0837461D,Стеклоподъёмник без эл.двиг.,103.32 €,,60
,4F0837462D,Стеклоподъёмник без эл.двиг.,103.32 €,,60
,4F0837207B,Ручка двери снаружи,38.80 €,,20
,4F0837208B,Ручка двери снаружи,38.80 €,,20
,4F0837885D,Опорный элемент,15.36 €,,15
,4F0837886D,Опорный элемент,15.36 €,,15
,4F0839239BGRU,Накладка для дверной ручки грунтованная,42.63 €,,20
,4F0839167,Кожух,2.07 €,,5
,4F0839015A,Замок дверной с дверным выклю- чателем освещения,158.44 €,,50
,4F0839016A,Замок дверной с дверным выклю- чателем освещения,158.44 €,,50
,4F0837171,пружинный зажим,2.34 €,,3
,3B0837111B41,Заглушка чёрный satinschwarz,0.20 €,,3
,4F0839085B,Гибкая тяга,7.92 €,,5
,4F0839133B,Тяга привода,6.03 €,,5
,8E0837033,Стопорный клин,9.72 €,,10
,4F0839020F,Рычаг привода дверного замка,73.51 €,,10
,4F0839019F,Рычаг привода дверного замка,73.51 €,,10
,4F9839629D,Рама окна;лев.,268.11 €,,100
,4F9839630D,Рама окна;прав,268.11 €,,100
,4F9839439R,направляющая стекла;лев,84.00 €,,50
,4F9839440M,направляющая стекла;прав,84.00 €,,50
,4F9839440R,направляющая стекла;прав,84.00 €,,50
,4F0833705,Уплотнитель для защиты от пыли лев,40.86 €,,20
,4F0833706,Уплотнитель для защиты от пыли;прав,40.86 €,,20
,4F0839461B,Стеклоподъёмник без эл.двиг. лев,103.04 €,,30
,4F0839462B,Стеклоподъёмник без эл.двиг. прав,103.04 €,,30
,4F0845099MNVB,Ветровое стекло,259.04 €,,100
,4F0845453,Клеммная колодка;лев,9.91 €,,10
,4F0845454,Клеммная колодка;прав,9.91 €,,10
,4F0853306,"Рама, облицовочная",40.80 €,,20
,4F0845201D,Стекло двери;зелен,67.47 €,,50
,4F0845202D,Стекло двери;зелен,67.47 €,,50
,4F9845205,:Стекло двери;зелен.;AVANT+ ;слева сзади,65.21 €,,50
,4F9845206,Стекло двери;зелен.;AVANT+ ;справа сзади,65.21 €,,50
,4F9845299KNVB,Стекло боковое;зелен.;AVANT+ ;лев,183.97 €,,80
,4F9845300KNVB,Стекло боковое;зелен.;AVANT+ ;прав,183.97 €,,80
,4F0854327A01C,Планка водостока;лев,11.48 €,,10
,4F0854328A01C,Планка водостока;прав,11.48 €,,10
,4F0853289AY9B,Накладка для стойки В;лев.; для а/м с молдингами;блестящий,50.35 €,,30
,4F0853290AY9B,Накладка для стойки В;прав.; для а/м с молдингами;блестящий,50.35 €,,30
,4F0853589B01C,Крышка для стойки В;лев,1.71 €,,3
,4F0853590B01C,Крышка для стойки В;прав,1.71 €,,3
,4F0853587C,Держатель накладки;лев,2.89 €,,3
,4F0853588C,Держатель накладки;прав,2.89 €,,3
,4F08530652ZZ,Молдинг бампера хром лев,32.22 €,,20
,4F08530662ZZ,Молдинг бампера хром прав,32.22 €,,20
,4F0853959KGRU,Накладка для двери;слева спереди,77.03 €,,30
,4F0853960KGRU,Накладка для двери;справа спереди,77.03 €,,30
,4F0853969LGRU,Накладка для двери;слева сзади,56.15 €,,25
,4F0853970LGRU,Накладка для двери;справа сзади,56.15 €,,25
,4F0853373H01C,Накладка порога;слева спереди,72.62 €,,40
,4F0853374H01C,Накладка порога;справа спереди,72.62 €,,40
,4F0853375H01C,Накладка порога;слева сзади,47.63 €,,35
,4F0853376H01C,Накладка порога;справа сзади,47.63 €,,35
,4F0853887A,Спойлер;слева спереди,6.13 €,,5
,4F0853888A,Спойлер;справа спереди,6.13 €,,5
,4F0853833A,Спойлер колеса;слева сзади,5.98 €,,5
,4F0853834A,Спойлер колеса;справа сзади,5.98 €,,5
,4F9853703D2ZZ,Декоративная накладка крыши;лев.;AVANT для а/м с молдингами;блестящий,106.70 €,,40
,4F9853704D2ZZ,Декоративная накладка крыши;прав.;AVANT для а/м с молдингами;блестящий,106.70 €,,40
,4F985370901C,Декоративная накладка;лев.;AVANT для а/м с молдингами;блестящий,12.63 €,,10
,4F985371001C,Декоративная накладка;прав.;AVANT для а/м с молдингами;блестящий,12.63 €,,10
,4F9853345B2ZZ,Молдинг для бокового стекла;лев.;AVANT,55.36 €,,25
,4F9853346B2ZZ,Молдинг для бокового стекла;прав.;AVANT,55.36 €,,25
,4F0853273CY9B,"Накладка, угловая;слева снаружи; для а/м с молдингами;блестящий",31.13 €,,20
,4F0853274CY9B,"Накладка, угловая;справа снаружи; для а/м с молдингами;блестящий",31.13 €,,20
,4F0853283G2ZZ,Уплотнитель двери;слева спереди; (с декоративной накладкой),54.15 €,,40
,4F0853284G2ZZ,Уплотнитель двери;справа спереди; (с декоративной накладкой),54.15 €,,40
,4F0853765B2ZZ,Молдинг паза стекла;слева спереди,45.86 €,,35
,4F0853766B2ZZ,Молдинг паза стекла;справа спереди,45.86 €,,35
,4F0853763E2ZZ,Уплотнитель двери;слева сзади; (с декоративной накладкой),47.85 €,,20
,4F0853764E2ZZ,Уплотнитель двери;справа сзади; (с декоративной накладкой),47.85 €,,20
,4F0853767B2ZZ,Молдинг паза стекла;слева сзади,45.85 €,,35
,4F0853768B2ZZ,Молдинг паза стекла;справа сзади,45.85 €,,35
,4F08536511QP,Решётка радиатора серый,152.58 €,,100
,4E0853605AA2ZZ,Эмблема AUDI;передн,23.22 €,,15
,4F08537412ZZ,Надпись;'A6,17.88 €,,10
,4F08537422ZZ,Эмблема AUDI,23.19 €,,10
,8P0853743G2ZZ,Надпись;'2.0 TDI',17.88 €,,10
,4F0857895A,Пластина контрящая;лев,3.10 €,,3
,4F0857895B,Пластина контрящая;лев,3.10 €,,3
,4F0857896A,Пластина контрящая;лев,3.10 €,,3
,4F0857896B,Пластина контрящая;лев,3.10 €,,3
,4F0857319A,Опорная пластина;слева и справа,4.19 €,,3
,4F0858431A,Внутренняя деталь корпуса рас- пределителя воздуха,25.84 €,,10
,4F0857085C4PK,Колпачок soul (черный),,,
,4F0857086C4PK,Колпачок soul (черный),,,
,3B0959782A,Электромотор,19.09 €,,12
,4B0857405B6PS,Пепельница soul (черный),31.39 €,,15
,4B0857406B6PS,Пепельница;справа сзади,30.30 €,,15
,8E0858523A01C,Накладка;лев,8.16 €,,5
,8E0858524A01C,Накладка;прав,8.16 €,,5
,4E0959577B,Зеркальный эл-т с приводом (зеркало в сборе),74.50 €,,80
,4F0858705B4PK,Кожух;слева внутри,3.03 €,,3
,4F0858706B4PK,Кожух;справа внутри,3.04 €,,3
,8E0857507BGRU,Корпус зеркала;лев. (зеркало в сборе),56.05 €,,80
,8E0857508BGRU,Корпус зеркала;прав (зеркало в сборе),56.05 €,,80
,8E0857535D,Зеркальное стекло (сферическ.) с несущей пластиной,43.58 €,,20
,8E0857536E,"Стекло, зеркальное (асферичес- кое) с несущей пластиной",42.22 €,,20
,4F0857511AA1YE,"Внутреннее зеркало, электрохромное серебряный",70.93 €,,35
,4F0857593AB1YE,Кожух серебряный,5.61 €,,5
,4F0857593AA4PK,Кожух soul (черный),5.61 €,,5
,4F0857569A4PK,Кожух;внутрен.; Дверь;слева сзади,5.11 €,,5
,4F0857570A4PK,Кожух;внутрен.; Дверь;справа сзади,5.11 €,,5
,4F0857505A4PK,Кожух;внутрен.; Дверь;слева спереди,5.93 €,,5
,4F0857506A4PK,Кожух;внутрен.; Дверь;справа спереди,5.93 €,,5
,4F0857551AB1NC,Солнцезащитный козырек с зер- калом и крышкой серебряный,63.63 €,,20
,4F0857552AB1NC,Солнцезащитный козырек с зер- калом и крышкой серебряный,63.63 €,,20
,4F08575631YE,Кронштейн солнцезащ. козырька,1.13 €,,2
,4F08575611YE,Кронштейн солнцезащ. козырька,3.45 €,,2
,8P0857607M1YE,"Ручка, складная;передн",24.93 €,,15
,8P0857607P1YE,"Ручка, складная;передн",24.93 €,,15
,8P0857607N1YE,"Ручка, складная;слева сзади",24.94 €,,15
,8P0857608F1YE,"Ручка, складная;справа сзад",24.41 €,,15
,8E0857755Q01C,Замок ремня безопасности;слева и справа,68.67 €,,20
,4F0857805EV04,Трехточечный ремень безопас- ности с автоматикой и устройс- твом крепления детск. кресла;наружн,111.45 €,,50
,4F0857791A5PR,Направляющая ремня безопасн.;лев,16.97 €,,15
,4F0857792B5PR,Направляющая ремня безопасн.;прав. нижн.;AVANT Зуммер;прав,16.98 €,,15
,4F9857827A,Направляющая ремня безопасн.;лев. верхн.;AVANT,1.71 €,,2
,4F9857828A,"Направляющая ремня безопасн.;прав. верхн.;AVANT,",1.71 €,,2
,4F0857807KV04,Трехточечный ремень безопас- ности с автоматикой и устройс- твом крепления детск. кресла;средн.,111.42 €,,50
,4F08577635PR,Кожух;средн,14.90 €,,10
,4F0857739D01C,Двойной замок ремней безопасн. чёрный satinschwarz,55.03 €,,20
,4F0857740D01C,Замок ремня безопасности чёрный satinschwarz,36.53 €,,15
,4F9860021N2ZZ,Релинг на крыше;лев,351.89 €,,100
,4F9860022N2ZZ,Релинг на крыше;пра,351.87 €,,100
,4F9861195C,"Компенсационный элемент, мех.",5.78 €,,5
,4F9861691A94H,Перегородка-сетка,374.27 €,,
,4F9861735B1YE,Проушина;слева сзади;,20.93 €,,10
,4F9861736B1YE,Проушина;справа сзади,20.93 €,,10
,4F9861303A1YE,Накладка;лев,5.00 €,,5
,4F9861304A1YE,Накладка;прав,5.00 €,,5
,4F0863825G,"Шумоизоляция для крышки;;Дизель,",64.59 €,,40
,4F0863821T,Шумоизоляция;передн,,,70
,4F0863822A,Шумоизоляция;задн,70.53 €,,25
,4F0864309B,Защита картера двигателя;лев,5.66 €,,5
,4F0864310B,Защита картера двигателя;прав.,5.66 €,,5
,4F0863187A,"Накладка для вала привода;лев.;Дизель,",15.90 €,,10
,4F0863188A,"Накладка для вала привода;прав.;Дизель,",15.90 €,,10
,4F0863321LR66,Накладка Подстаканник,18.31 €,,10
,4F0863244C6PS,Центральная консоль;задн.; для а/м со центральным подлокотником;;,79.92 €,,50
,4F0863351GH77,Гнездо;; для прикуривателя;задн,10.21 €,,10
,4F0863278Q1KT,Рукоятка рычага перекл. перед. (кожа) с чехлом рычага (кожа) soul (черный,145.15 €,,50
,4F08642096PS,Подлокотник (нижняя часть) soul (черный),244.24 €,,50
,4F0864283A,Кронштейн,41.64 €,,20
,4F0864283B,Кронштейн,41.64 €,,20
,4F0864245S17C,Подлокотник (верхняя часть) soul (черный),68.14 €,,30
,4F0864981,Вещевое отделение,81.11 €,,30
,4F9863879GSQA,Обивка багажного отсека;лев,376.59 €,,80
,4F9863888ASQA,Обивка багажного отсека;прав,360.09 €,,80
,4F98618496PS,Крюк для подъема агрегата;откидной,5.83 €,,5
,4F9864747VV2,Крышка для обшивки багажника;лев,142.98 €,,50
,4F9864748VV2,Крышка для обшивки багажника;прав.; ;; для а/м с багажной сеткой,143.03 €,,50
,4F98672614PK,Розетка;слева и справ,0.78 €,,2
,4F986355394H,Шторка багажного отсека,443.88 €,,100
,8D98625654PK,Рукоятка soul (черный),26.67 €,,10
,4B9887183C4PK,Рукоятка;; Коврик багажника,38.72 €,,10
,4F9864483B,Облицовка задней панели,133.81 €,,25
,4F986410601C,Поддон для багажного отсека чёрный satinschwarz,86.03 €,,40
,4F9863547,Крышка ниши запасного колеса,41.31 €,,20
,4F9864797A,Кожух,9.52 €,,10
,4F9863555A,Планка-держатель,75.74 €,,30
,4F9863556A,Планка-держатель,75.74 €,,30
,4F9863539,Строповочная проушина,30.04 €,,15
,4F9861529DVV2,Коврик багажника soul (черный),228.90 €,,70
,8E0867443,Декоративная крышка,4.12 €,,5
,4F0867173A1AD,Подлокотник;лев,200.80 €,,60
,4F0867174A1AD,Подлокотник;прав,200.80 €,,70
,4F00354094PK,Накладка на громкоговоритель;лев,10.72 €,,10
,4F00354104PK,Накладка на громкоговоритель;прав,10.72 €,,10
,4F00354194PK,Накладка на громкоговоритель;слева спереди,13.90 €,,10
,4F00354204PK,Накладка на громкоговоритель;справа спереди,13.90 €,,10
,4F08674091MJ,Накладка;лев,52.39 €,,40
,4F08674101MJ,Накладка;прав,78.79 €,,40
,4F08198694PK,Воздуховод;лев,21.13 €,,20
,4F08198704PK,Воздуховод;прав,21.13 €,,20
,4F0867489A,Рама;лев,7.51 €,,10
,4F0867490A,Рама;прав,7.51 €,,10
,4F0863979B,Шумоизоляция для обшивки двери,46.45 €,,20
,4F0863980B,Шумоизоляция для обшивки двери,46.45 €,,20
,4F0867303BHSYD,Обивка двери (ткань) soul (черный),383.06 €,,50
,4F0867304BHSYD,Обивка двери (ткань) soul (черный),383.06 €,,50
,4F0867373A1AD,Подлокотник;лев,169.95 €,,50
,4F0867374A1AD,Подлокотник;прав,169.95 €,,50
,4F08683936PS,Ручка двери;лев,39.67 €,,20
,4F08683946PS,Ручка двери;прав,39.67 €,,20
,4F00357934PK,Накладка на громкоговоритель;лев.,8.61 €,,10
,4F00357944PK,Накладка на громкоговоритель;прав,8.61 €,,10
,4F00354354PK,Накладка на громкоговоритель;лев,10.74 €,,10
,4F00354364PK,Накладка на громкоговоритель;прав,10.74 €,,10
,4F0867419G1MJ,Накладка;лев,43.42 €,,40
,4F0867420G1MJ,Накладка;прав,56.48 €,,40
,4F08688194PK,Заглушка;слева и справа,0.88 €,,3
,4F0867497,Рама,7.48 €,,5
,4F0867498,Рама,7.48 €,,5
,4F0863981A,Шумоизоляция для обшивки двери;лев,33.58 €,,10
,4F0863982A,Шумоизоляция для обшивки двери;прав,33.58 €,,10
,4F0868381C,Уплотнение;лев.,3.41 €,,5
,4F0868382C,Уплотнение;прав,3.41 €,,5
,4F98675051NC,Формов. панель потолка (ткань);;AVANT+,457.81 €,,100
,4F0867523,Усилитель крыши,11.76 €,,5
,4F9867523,Усилитель крыши,11.49 €,,5
,4F98678391NC,Обивка крыши;задн.;AVANT,61.69 €,,20
,4F0867233F1NC,Облицовка стойки А;лев. верхн,50.47 €,,20
,4F0867234F1NC,Облицовка стойки А;прав. верхн,50.47 €,,2
,4F0867729A,Кронштейн;слева и справа,4.84 €,,5
,4F0868203A4PK,Облицовка стойки А;Лв Ср;,3.48 €,,5
,4F0868204A4PK,Облицовка стойки А;Пр Ср,3.48 €,,5
,4F0867243A1NC,Облицовка стойки B;лев. верхн,40.12 €,,20
,4F0867244A1NC,Облицовка стойки B;прав. верхн.,40.12 €,,20
,8P08576351YE,Крючок для одежды серебряный,3.66 €,,5
,4F0867239C4PK,Облицовка стойки B;лев. нижн,32.66 €,,20
,4F0867240C4PK,Облицовка стойки B;прав. нижн,32.66 €,,20
,4F9867287C1NC,Облицовка стойки С;лев. верхн.;AVANT,26.26 €,,20
,4F0867768A4PK,Облицовка стойки С;прав. нижн,26.26 €,,20
,4F98672451NC,Облицовка стойки D;лев. верхн.;AVANT,49.11 €,,20
,4F98672461NC,Облицовка стойки D;прав. верхн.;AVANT,49.11 €,,20
,4F9867979MSQA,Облицовка крышки багаж. отсека;нижн,662.25 €,,80
,4F9863995VV2,Крышка;; Знак аварийной остановки;,56.37 €,,15
,4F9867657VV2,Крышка;лев.; Задний фонарь,41.39 €,,20
,4F9867658VV2,Крышка;прав.; Задний фонарь,41.39 €,,20
,4F98677476PS,Крышка;Ср Нж; Аварийная разблокировка,5.51 €,,5
,4F98679736PS,Облицовка крышки багаж. отсека;верхн,64.57 €,,20
,4F0880201BH6PS,Модуль подуш. безоп. для руля,,,150
,4F0880241G,Модуль боковой подушки безоп.;лев,,,50
,4F0880242G,Модуль боковой подушки безоп.;прав,,,50
,4F9880741A,Модуль подушки без. для головы;лев.;AVANT,,,50
,4F9880742A,Модуль подушки без. для головы;прав.;AVANT,,,50
,4F0881105,Каркас сиденья с регулировкой по высоте;лев,437.55 €,,150
,4F0881106,Каркас сиденья с регулировкой по высоте;прав,442.69 €,,150
,4F08810916PS,Рукотятка для регулировки наклона сиденья soul (черный),15.48 €,,150
,4F08810926PS,"Pукотятка для регулировки наклона сиденья, ""Soul (черный)",15.48 €,,150
,8E0881053C,Регулировочный элемент (регулировка по высоте)лев,75.93 €,,150
,8E0881054C,Регулировочный элемент (регулировка по высоте);прав,75.92 €,,150
,4F08812534PK,Ручка для рег. сиденья по выс. soul (черный),11.92 €,,150
,4F08812544PK,Ручка для рег. сиденья по выс. soul (черный),11.92 €,,150
,4F08812326PS,Ручка для продольн. рег. сид. soul (черный),18.06 €,,150
,4F08813274PK,Колпачок soul (черный),8.58 €,,150
,4F08813284PK,Колпачок soul (черный),12.09 €,,150
,8E0881559,Поддерживающая скоба;лев,8.82 €,,150
,8E0881560,Поддерживающая скоба;прав.,8.82 €,,150
,4F0881325C4PK,Облицовка каркаса сиденья soul (черный),44.34 €,,150
,4F0881326C4PK,блицовка каркаса сиденья soul (черный),44.34 €,,150
,4L0881045,:Каркас спинки;; F 4F-7-073 001>>*;лев,,,150
,4L0881046,Каркас спинки;; F 4F-7-073 001>>*;прав,,,150
,4F08816714PK,Ручка настройки soul (черный),7.13 €,,150
,4F0881901TKK4,"Подголовник с обивкой, с регу- лировкой (ткань) soul (черный) лев",158.67 €,,150
,4F0881902TKK4,"Подголовник с обивкой, с регу- лировкой (ткань) soul (черный) прав",158.67 €,,150
,4F0881969B1AD,Кожух спинки без вещевого сетчатого кармана;слева и справа,106.24 €,,150
,4L0881705,Проволочный коврик;; F 4F-7-073 001>>*;слева и справа,29.00 €,,150
,4F0881361,Подушка сиденья,112.36 €,,150
,4F0881775G,Набивка спинки;; F 4F-7-073 001>>*;лев,101.53 €,,150
,4F0881776G,Набивка спинки;; F 4F-7-073 001>>*;прав,101.53 €,,150
,4F0881805ASJA,Обивка спинки (ткань);лев,272.84 €,,150
,4F0881806ASJA,Обивка спинки (ткань);прав,272.84 €,,150
,4F0881405AFSJA,Обивка сиденья (ткань);MERIDIAN,215.18 €,,150
,8E0881347D4PK,Накладка для направляющей;слева спереди;PR-3L3 ;справа сзади; для сиденья:;слева и справа,7.93 €,,150
,8E0881348D4PK,Накладка для направляющей;справа спереди;PR-3L3 ;слева сзади; для сиденья:;слева и справа;,7.63 €,,150
,4F0885305,Рама заднего сиденья,79.16 €,,150
,4F0885375,Подушка сиденья,222.32 €,,150
,4B088637301C,Насадка/наконечник чёрный satinschwarz,0.64 €,,150
,4F9885503VV2,Каркас спинки;лев.;AVANT,237.13 €,,150
,4F9885504VV2,Каркас спинки;прав.;AVANT,345.12 €,,150
,4B0885733C,Замок;лев,36.79 €,,150
,4B0885734C,Замок;прав,36.79 €,,150
,4F0885775,Набивка спинки;лев,101.50 €,,150
,4F0885776,Набивка спинки прав,101.50 €,,150
,4F0885777,Набивка спинки;средн,54.75 €,,150
,8E98857396PS,Крышка замка;лев.;AVANT,27.75 €,,15
,8E98857406PS,Крышка замка;прав.;AVANT,27.75 €,,150
,8E9886177A,Центральная опора разделенной спинки;,14.61 €,,150
,4B58861974PK,Колпачок soul (черный),2.27 €,,150
,8D988567801C,Насадка/наконечник чёрный satinschwarz,0.64 €,,150
,8D98856789B9,Насадка/наконечник чёрный satinschwarz,0.64 €,,150
,4F0885805AJSJA,Обивка спинки (ткань);лев,252.36 €,,150
,4F0885806AJSJA,Обивка спинки (ткань);прав,278.05 €,,150
,4F088570317C,"Подушка;лев.;PR-N0D,N2C для а/м без боковых подушек безопасности;Ткань",154.08 €,,150
,4F088570417C,"Подушка;прав.;PR-N0D,N2C для а/м без боковых подушек безопасности;Ткань",154.08 €,,150
,8E08850894PK,Колпачок;лев,4.17 €,,5
,8E08632894PK,Крышка подлокотника,13.12 €,,10
,8E0885181,Маятниковый рычаг,4.23 €,,5
,8E0885182A,Рычаг фиксаторный,4.02 €,,5
,8E08850904PK,Колпачок;прав,4.17 €,,5
,4F0885973KK4,"Подголовник с обивкой, с регу- лировкой (ткань);лев.;PR-N0D,N2C ;MERIDIAN",158.47 €,,150
,4F0885974KK4,"Подголовник с обивкой, с регу- лировкой (ткань);прав.;PR-N0D,N2C ;MERIDIAN",158.47 €,,150
,4F0885975JKK4,"Подголовник с обивкой, с регу- лировкой (ткань);средн.;PR-N0D,N2C ;MERIDIAN",158.47 €,,150
,8E08869204PK,"Направляющая для подголовника, с регулировкой;наружн",5.32 €,,5
,8E0886920A4PK,Направляющая с клавишой для подголовника с регулировкой;наружн,7.32 €,,5
,8E08869194PK,"Направляющая для подголовника, с регулировкой;средн.",5.37 €,,5
,8E0886919A4PK,Направляющая с клавишой для подголовника с регулировкой;средн,7.22 €,,5
,03G903016AX,Генератор,398.12 €,,150
,022903119C,Механизм свободного хода генератора,59.07 €,,20
,03G903139D,Кронштейн генератора и ком- прессора кондиционера,218.24 €,,100
,038903315AN,Крепежный элемент,39.88 €,,20
,03G145276A,"Натяжной ролик, ремень ГРМ",24.72 €,,10
,N10579805,Свеча накаливания,17.79 €,,10
,4F0903291,Конденсатор подавл. радиопомех,12.94 €,,5
,03G997017PX,БУ дизельного двигателя;; использовать для:;03G906016 HS; F 4F-6-085 001>>*4F-7-200 000;;Механическая КП+,809.60 €,,250
,036906433E,"Датчик импульсов;;BLB,BNA,BRE, Коленчатый вал",38.72 €,,10
,03G957147C,"Датчик, положение распределительного вала",61.19 €,,15
,4F0910279K,Блок управления бортовой сети;; ;; для а/м с рулевой колонкой с механич. регулировкой высоты;; ;; без:;; Омыватель фар;; F >> 4F-8-170 000*;;AVANT+,,,70
,4F0907280B,Блок управления бортовой сети,,,30
,4F0910289K,Центральный блок управления систем комфорта;Блок упр. 1,,,50
,4L0907468B,Диагностический интерфейс шин данных,280.53 €,,45
,4F0910132F,Выкл-тель зажигания и стартера,156.12 €,,50
,03G911023X,"Стартер;1,7KW BOSCH",220.71 €,,50
,03G911287,Выключатель втягивающ. обмотки,83.18 €,,30
,4F0915429C,Колпачок,5.51 €,,5
,8D0803123A,Прижимная планка для АКБ,2.11 €,,5
,4F0915181B,БУ контроля АКБ,299.36 €,,40
,4F0971235,Жгут пров. отриц. вывода АКБ,21.59 €,,15
,4F0915459,Блок предохранителей,111.78 €,,30
,4F0919069A,Регулятор;средн.; для а/м без джойстика,28.94 €,,20
,4F0919070,Ручка настройки;; для регулировки громкости,15.69 €,,15
,4F0919603,Дисплей,478.27 €,,60
,4F0910769H,Интерф. блок с прогр. обеспеч.;справа спереди; использовать для:;4F0 910 769.HX; F 4F-7-073 001>>,,,200
,4F0919088N,Модуль подачи топлива;;4-цилиндр.+ ;;Дизель,264.65 €,,50
,4F0919673D,Датчик уровня топлива,76.48 €,,30
,4F0201865C,Эжекционный насос;;4-цилиндр.+,75.70 €,,30
,4F0201375,"Гайка, накидная",10.84 €,,7
,06E907660,Датчик уровня масла,64.66 €,,
,038919081K,"Датчик давления масла;0,55-0,85BAR",11.07 €,,4
,06A919501A,Температурный датчик охлаждающей жидкости,22.15 €,,3
,038906081B,Датчик температуры;; Топливопровод,12.15 €,,10
,4B0919305C01C,Прикуриватель,12.64 €,,10
,8K09193434PK,Втулка прикуривателя,6.55 €,,10
,4B0919305B01C,Прикуриватель чёрный,13.15 €,,10
,8D0919343,Втулка прикуривателя,6.54 €,,5
,1J0919341F4PK,Зажимная втулка с откид.крышк.,9.52 €,,5
,4F0920951,Комбинация приборов,"1,024.59 €",,100
,4F0927123BVUV,"Многофункц. выкл. счетчика суточ. пробега в км, бортового компьютера и освещения комби- нации приборов soul/nero",55.70 €,,15
,4E0927803D,Датчик числа оборотов;лев,46.75 €,,20
,4E0927804D,Датчик числа оборотов;прав,46.75 €,,15
,4F0972252,Жгут проводов датчика числа оборотов и указателя износа тормозных колодок,72.09 €,,30
,4E0927803D,:Датчик числа оборотов;лев.,46.75 €,,20
,4E0927804D,Датчик числа оборотов;прав,46.75 €,,15
,4F0972253T,Жгут проводов для датчика оборотов и электромех.стояночного тормоза лев,72.28 €,,30
,4F0972254H,Жгут проводов для датчика оборотов и электромех.стояночного тормоза прав,72.31 €,,40
,8E0907637B,Комбинир. датчик ускорения и угла рыскания,,,40
,4F1941824,Конт. колодка плавк. предохр.,15.40 €,,10
,8K0951253,Реле с замыкающим контактом;40A; для а/м с дополнительным эле- ктрообогревом воздуха,10.96 €,,3
,7M0951253A,Реле с замыкающим контактом,10.97 €,,5
,7M0951253C,Реле с замыкающим контактом;; для звукового сигнала,10.95 €,,5
,8A0937530,Конт. колодка плавк. предохр,3.16 €,,5
,038907281B,БУ свечей накаливания,13.03 €,,10
,4F0941158,Колпачок;прав,13.03 €,,5
,4F0941159,Колпачок;лев,13.03 €,,5
,1K6941295,Двигатель корректора фар;,29.44 €,,10
,4F0927123BVUV,"Многофункц. выкл. счетчика суточ. пробега в км, бортового компьютера и освещения комби- нации приборов soul/nero",55.70 €,,20
,4F0919234A5PR,Контрольная лампа ПБ soul (черный),17.85 €,,10
,4F09271345PR,Выключатель электронной программы стабилизации -ESP- soul (черный,15.84 €,,10
,4F09415185PR,Декоративная крышка soul (черный),4.54 €,,5
,4F0941509,Выключатель авар. свет. сигн.,23.05 €,,10
,4F09415185PR,Декоративная крышка soul (черный),4.54 €,,5
,4F09415165PR,Декоративная крышка soul (черный),4.54 €,,5
,1K0919237C9B9,Выкл-тель ключа для деактива- ции подушки безоп. переднего пассажира с личинкой замка чёрный satinschwarz,,,25
,4F0941301A5PR,Регулятор угла наклона фар soul (черный),22.38 €,,10
,4F0941699,Галоген. противотуманная фара;лев,66.37 €,,30
,4F0941700,Галоген. противотуманная фара;прав,66.37 €,,30
,4F9945095,Задний фонарь;лев,69.89 €,,50
,4F9945096,Задний фонарь;прав,69.89 €,,50
,4F9945221B,Опора лампы;лев,46.91 €,,20
,4F9945222B,Опора лампы;прав,46.91 €,,20
,4F9945067,Кронштейн фонаря;лев,3.56 €,,5
,4F9945068,Кронштейн фонаря;прав,3.56 €,,5
,4F9945093B,Задний фонарь;лев,63.30 €,,30
,4F9945094B,Задний фонарь;прав,63.30 €,,30
,4F9945221,Опора лампы;лев,17.72 €,,10
,4F9945222,Опора лампы;прав.,17.72 €,,10
,4F9945567,Опорная деталь;лев,6.36 €,,5
,4F9945568,Опорная деталь;прав,6.36 €,,5
,4F9945567A,Опорная деталь;слева и справа,6.36 €,,5
,4F9945191,Прокладка;лев,10.96 €,,5
,4F9945192,Прокладка;прав,10.97 €,,5
,8E0943021B,Плафон освещ. номерного знака;лев,6.77 €,,5
,8E0943022B,Плафон освещ. номерного знака;прав,6.77 €,,5
,4F9945097,Верхний стоп-сигнал,42.01 €,,
,8E0949127,Фонарь указателя поворота,6.99 €,,5
,4L09471409NQ,Несущая пластина,82.27 €,,30
,4L09471399NQ,Рама внутреннего светильника серебряный,27.69 €,,15
,4F0947133K9NQ,Отделение для очков,16.72 €,,10
,4L09471339NQ,Накладка серебряный,12.12 €,,10
,4F0947143,Рама внутреннего светильника;блестящий хром,8.62 €,,5
,4L0947111B9NQ,Плафон серебряный,26.39 €,,15
,4E0947105,Плафон,15.65 €,,10
,4E0947105C,Плафон,15.65 €,,15
,4B0947415A,Фонарь,11.09 €,,9
,4L09471239NQ,Плафон серебряный,14.00 €,,10
,8D0947415,Фонарь;бел,10.66 €,,10
,8P0947412,Световозвращатель;красн,3.91 €,,5
,4F0951221A,Сигнал звуковой;Низкий сигнал,43.43 €,,20
,4F0951223A,Сигнал звуковой;Высокий сигнал,43.44 €,,20
,4F0951229,Скоба для крепления пружины,14.00 €,,10
,1K0951605C,Электронная сирена,,,20
,4F0910177,Блок управления сигнализатора движения,122.37 €,,30
,4F0953236,Микровыключатель,15.46 €,,5
,4E0953503G4PK,Выключатель стеклоочистителей/ привод стеклоочист./стеклоом.;;AVANT ;; для а/м с бортовым компьютером,96.76 €,,20
,4E0953513K4PK,"Выключатель указ. повор., бл./ дал. света, стоян. света, дал. света для предупр. сигнализац",62.62 €,,20
,4E0953521B4PK,Выключатель устройства регулировки скорости,35.74 €,,20
,4F0953549B,Электронный модуль комбинации подрулевых переключателей;; ;; Программное обеспечение:;4F0 910 549; F 4F-6-000 001>> 4F-7-200 000;;Седан F 4F-6-020 001>>*4F-7-200 000;;AVANT,204.66 €,,50
,4E0953541B,Кольцо сброса со скользящим кольцом и сенсором угла,279.79 €,,80
,4F0953512E6PS,Облицовка - нижняя часть;; для а/м с круиз-контролем,42.25 €,,20
,1J0955205A9B9,Колпачок чёрный satinschwarz,,,3
,4F0955453R,Бачок стеклоомывателя,45.47 €,,35
,1K6955651,Насос стеклоомывателя;;AVANT,34.81 €,,5
,1K0955455,"Крышка, резервуар для воды",3.92 €,,5
,4F0955452A,Бачок для жидкости;верхн,17.25 €,,10
,8Z0955485,Сетка,4.73 €,,5
,4F0955479B,Насадка/наконечник,1.84 €,,2
,1J0955665C,Уголок,4.01 €,,2
,8J0955988G,"Форсунка, обогреваемая;прав.",22.18 €,,15
,8J0955987G,"Форсунка, обогреваемая;лев",22.18 €,,15
,1K6955651,"Водяной насос, система очистки окон",34.81 €,,15
,3B0955665C,Уголок,2.47 €,,3
,3B0955875,Соединение,4.89 €,,5
,4F9955711B,Электродвигатель стеклоочист.;задн,99.21 €,,50
,4F9955407,"Рычаг стеклоочистителя;задн.;,",23.62 €,,15
,4F9955205,Колпачок,3.62 €,,3
,8E0959565A4PK,Выключатель для зеркала с эле- ктроприводом для регулировки и складывания,29.32 €,,15
,4F0959855A5PR,Выключатель электростекло- подъемника;Дв. пер. пас,15.84 €,,10
,4F0959851G5PR,Выключатель электростекло- подъемника;Дверь водителя,48.63 €,,25
,4F09595275PR,Накладка для выключателя,8.58 €,,10
,4F0959855A5PR,Выключатель электростекло- подъемника;слева и справа,15.84 €,,10
,4F0959793E,БУ двери,142.06 €,,25
,4F0959792E,БУ двери,142.06 €,,25
,4F0959801D,Эл.двигатель стеклоподъёмника лев,79.39 €,,30
,4F0959802D,Эл.двигатель стеклоподъёмника прав,79.39 €,,30
,4F0959795E,БУ двери;; F 4F-6-050 916>>;лев,141.99 €,,25
,4F0959794E,БУ двери;; F 4F-6-050 916>>;прав,141.99 €,,25
,4F0959801F,Эл.двигатель стеклоподъёмника;; F 4F-6-050 916>>;лев,79.38 €,,30
,4F0959802F,Эл.двигатель стеклоподъёмника;; F 4F-6-050 916>>;прав,79.38 €,,30
,4F0910655E00J,БУ подушек безопасности,,,100
,1K0909606C,Датчик удара для подушки без.;задн,69.99 €,,15
,4F0955557A,Датчик давления;средн.; Датчик удара для подушки без,30.03 €,,15
,4L0959651,Датчик поперечного ускорения -ДАТЧИК УДАРА-;передн.; ;; F 4F-6-000 001>>*;;Седан F 4F-6-020 501>>*;;AVANT,,,40
,4F0959455,Вентилятор радиатора;400W 383MM,188.34 €,,60
,4F0959501F,БУ вентилятора радиатора;400W,200.64 €,,80
,4F0963553B,"Сенсорный мат;Стор. пер.пас.;PR-Q1A,Q1D Сист. распозн. занят. сиденья",29.93 €,,15
,4F1971075FN,":Жгут проводов освещения;; для а/м с электрическим корректором фар;; ;; F 4F-5-025 001>>*;;PR-8Q1,",207.20 €,,40
,8D0971273,Жгут проводов бокового фонаря,16.50 €,,10
,4F1971076A,Жгут проводов справа спереди,174.83 €,,50
,8D0971273,Патрон лампы накаливания,16.50 €,,10
,443937527,Штекер электропроводки,7.40 €,,5
,4F0971073,Жгут проводов,39.89 €,,20
,4F9971109AR,Дополнительный жгут проводов для моторного отсека,99.27 €,,50
,4F9971225E,Жгут пров. для полож. выв. АКБ,99.95 €,,50
,8E0971349K,Жгут проводов для стартера и генератора,50.03 €,,25
,4F0971384AE,Жгут проводов каркаса сиденья;Сторона водит,110.29 €,,30
,8R0971366R,Жгут проводов мультимедиа-устройств,32.93 €,,15
,4F1971259,Жгут проводов адаптера для преднатяжителя ремня безопасн.,15.15 €,,15
,4F1971029AF,Жгут проводов двери,126.85 €,,40
,4F1971030AF,"Жгут проводов двери;;PR-8RY,9VD для а/м с активными динамиками;; ;; или;; для а/м с акустической систе- мой BOSE",126.85 €,,40
,4F0971687A,Жгут проводов;; для электростеклоподъемников;,101.10 €,,30
,4F1971095C,Жгут проводов для бампера,111.20 €,,40
,4F1971035N,Жгут проводов для обшивки двери,126.69 €,,30
,4F1971036F,Жгут проводов для обшивки двери,126.58 €,,30
,4F1971693E,Жгут проводов для обшивки двери,101.14 €,,30
,4F0971679A,Жгут проводов для лампы веще- вого ящика,39.78 €,,20
,4F0971547,Жгут проводов для вентилятора,86.01 €,,40
,4F0971569A,Жгут проводов климат.установк. с электронным управлением,175.99 €,,50
,4F9971726H,Жгут проводов двери багажного отсека,171.51 €,,50